{
  "id": "vtm5e",
  "title": "World of Darkness 5e",
  "description": "World of Darkness 5e system for Foundry VTT",
  "version": "3.0.0-prerelease4",
  "compatibility": {
    "minimum": "10",
    "verified": "11"
  },
  "authors": [
    {
      "name": "Ray",
      "url": "https://github.com/Rayji96",
      "email": "rayji96@gmail.com",
      "discord": "weinerdolphin#3175",
      "flags": {}
    },
    {
      "name": "MrDionysus",
      "url": "https://github.com/MrDionysus",
      "flags": {}
    },
    {
      "name": "LorduFreeman",
      "discord": "LorduFreeman#8747"
    }
  ],
  "esmodules": [
    "module/main.js"
  ],
  "styles": [
    "css/vtm5e.css"
  ],
  "languages": [
    {
      "lang": "en",
      "name": "English",
      "path": "lang/en.json",
      "flags": {}
    },
    {
      "lang": "fr",
      "name": "French",
      "path": "lang/fr.json",
      "flags": {}
    },
    {
      "lang": "pt-BR",
      "name": "Brazilian Portuguese",
      "path": "lang/pt-BR.json",
      "flags": {}
    },
    {
      "lang": "es",
      "name": "Spanish",
      "path": "lang/es.json",
      "flags": {}
    },
    {
      "lang": "de",
      "name": "German",
      "path": "lang/de.json",
      "flags": {}
    },
    {
      "lang": "it",
      "name": "Italian",
      "path": "lang/it.json",
      "flags": {}
    },
    {
      "lang": "pl",
      "name": "Polish",
      "path": "lang/pl.json",
      "flags": {}
    }
  ],
  "gridDistance": 5,
  "gridUnits": "ft",
  "license": "LICENSE.txt",
  "url": "https://github.com/Rayji96/foundry-V5",
  "background": "systems/vtm5e/assets/images/wodcity.jpg",
  "manifest": "https://github.com/Rayji96/foundry-V5/releases/download/3.0.0-prerelease4/system.json",
  "download": "https://github.com/Rayji96/foundry-V5/releases/download/3.0.0-prerelease4/vtm5e-3.0.0-prerelease4.zip"
}