{
  "Actor": {
    "types": ["vampire", "ghoul", "mortal", "coterie", "hunter", "cell", "spc", "werewolf"],
    "templates": {
      "base": {
        "biography": "",
        "appearance": "",
        "equipment": "",
        "notes": "",
        "headers":{
          "concept":"",
          "chronicle":"",
          "ambition":"",
          "desire":"",
          "touchstones":"",
          "tenets":""
        },
        "exp": {
          "value": 0,
          "max": 0
        },
        "humanity": {
          "value": 0,
          "stains": 0
        },
        "despair": {
          "value": 0
        },
        "desperation": {
          "value": 0
        },
        "danger": {
          "value": 0        
        },
        "health": {
          "aggravated": 0,
          "superficial": 0,
          "max": 5
        },
        "willpower": {
          "aggravated": 0,
          "superficial": 0,
          "max": 5
        },
        "abilities": {
          "strength": {
            "value": 1,
            "name": "WOD5E.Strength"
          },
          "charisma": {
            "value": 1,
            "name": "WOD5E.Charisma"
          },
          "intelligence": {
            "value": 1,
            "name": "WOD5E.Intelligence"
          },
          "dexterity": {
            "value": 1,
            "name": "WOD5E.Dexterity"
          },
          "manipulation": {
            "value": 1,
            "name": "WOD5E.Manipulation"
          },
          "wits": {
            "value": 1,
            "name": "WOD5E.Wits"
          },
          "stamina": {
            "value": 1,
            "name": "WOD5E.Stamina"
          },
          "composure": {
            "value": 1,
            "name": "WOD5E.Composure"
          },
          "resolve": {
            "value": 1,
            "name": "WOD5E.Resolve"
          }
        },
        "skills": {
          "athletics": {
            "value": 0,
            "name": "WOD5E.Athletics"
          },
          "animal ken": {
            "value": 0,
            "name": "WOD5E.AnimalKen"
          },
          "academics": {
            "value": 0,
            "name": "WOD5E.Academics"
          },
          "brawl": {
            "value": 0,
            "name": "WOD5E.Brawl"
          },
          "etiquette": {
            "value": 0,
            "name": "WOD5E.Etiquette"
          },
          "awareness": {
            "value": 0,
            "name": "WOD5E.Awareness"
          },
          "craft": {
            "value": 0,
            "name": "WOD5E.Craft"
          },
          "insight": {
            "value": 0,
            "name": "WOD5E.Insight"
          },
          "finance": {
            "value": 0,
            "name": "WOD5E.Finance"
          },
          "drive": {
            "value": 0,
            "name": "WOD5E.Drive"
          },
          "intimidation": {
            "value": 0,
            "name": "WOD5E.Intimidation"
          },
          "investigation": {
            "value": 0,
            "name": "WOD5E.Investigation"
          },
          "firearms": {
            "value": 0,
            "name": "WOD5E.Firearms"
          },
          "leadership": {
            "value": 0,
            "name": "WOD5E.Leadership"
          },
          "medicine": {
            "value": 0,
            "name": "WOD5E.Medicine"
          },
          "larceny": {
            "value": 0,
            "name": "WOD5E.Larceny"
          },
          "performance": {
            "value": 0,
            "name": "WOD5E.Performance"
          },
          "occult": {
            "value": 0,
            "name": "WOD5E.Occult"
          },
          "melee": {
            "value": 0,
            "name": "WOD5E.Melee"
          },
          "persuasion": {
            "value": 0,
            "name": "WOD5E.Persuasion"
          },
          "politics": {
            "value": 0,
            "name": "WOD5E.Politics"
          },
          "stealth": {
            "value": 0,
            "name": "WOD5E.Stealth"
          },
          "streetwise": {
            "value": 0,
            "name": "WOD5E.Streetwise"
          },
          "science": {
            "value": 0,
            "name": "WOD5E.Science"
          },
          "survival": {
            "value": 0,
            "name": "WOD5E.Survival"
          },
          "subterfuge": {
            "value": 0,
            "name": "WOD5E.Subterfuge"
          },
          "technology": {
            "value": 0,
            "name": "WOD5E.Technology"
          }
        }
      },
      "abbreviated": {
        "biography": "",
        "appearance": "",
        "notes": "",
        "generaldifficulty": {
          "strongest": 0,
          "normal": 0
        },
        "health": {
          "aggravated": 0,
          "superficial": 0,
          "max": 5
        },
        "willpower": {
          "aggravated": 0,
          "superficial": 0,
          "max": 5
        },
        "standarddicepools": {
          "physical": {
            "value": 1,
            "name": "WOD5E.Physical"
          },
          "social": {
            "value": 1,
            "name": "WOD5E.Social"
          },
          "mental": {
            "value": 1,
            "name": "WOD5E.Mental"
          }
        },
        "exceptionaldicepools": {
          "athletics": {
            "value": 0,
            "name": "WOD5E.Athletics",
            "visible": false
          },
          "animal ken": {
            "value": 0,
            "name": "WOD5E.AnimalKen",
            "visible": false
          },
          "academics": {
            "value": 0,
            "name": "WOD5E.Academics",
            "visible": false
          },
          "brawl": {
            "value": 0,
            "name": "WOD5E.Brawl",
            "visible": false
          },
          "etiquette": {
            "value": 0,
            "name": "WOD5E.Etiquette",
            "visible": false
          },
          "awareness": {
            "value": 0,
            "name": "WOD5E.Awareness",
            "visible": false
          },
          "craft": {
            "value": 0,
            "name": "WOD5E.Craft",
            "visible": false
          },
          "insight": {
            "value": 0,
            "name": "WOD5E.Insight",
            "visible": false
          },
          "finance": {
            "value": 0,
            "name": "WOD5E.Finance",
            "visible": false
          },
          "drive": {
            "value": 0,
            "name": "WOD5E.Drive",
            "visible": false
          },
          "intimidation": {
            "value": 0,
            "name": "WOD5E.Intimidation",
            "visible": false
          },
          "investigation": {
            "value": 0,
            "name": "WOD5E.Investigation",
            "visible": false
          },
          "firearms": {
            "value": 0,
            "name": "WOD5E.Firearms",
            "visible": false
          },
          "leadership": {
            "value": 0,
            "name": "WOD5E.Leadership",
            "visible": false
          },
          "medicine": {
            "value": 0,
            "name": "WOD5E.Medicine",
            "visible": false
          },
          "larceny": {
            "value": 0,
            "name": "WOD5E.Larceny",
            "visible": false
          },
          "performance": {
            "value": 0,
            "name": "WOD5E.Performance",
            "visible": false
          },
          "occult": {
            "value": 0,
            "name": "WOD5E.Occult",
            "visible": false
          },
          "melee": {
            "value": 0,
            "name": "WOD5E.Melee",
            "visible": false
          },
          "persuasion": {
            "value": 0,
            "name": "WOD5E.Persuasion",
            "visible": false
          },
          "politics": {
            "value": 0,
            "name": "WOD5E.Politics",
            "visible": false
          },
          "stealth": {
            "value": 0,
            "name": "WOD5E.Stealth",
            "visible": false
          },
          "streetwise": {
            "value": 0,
            "name": "WOD5E.Streetwise",
            "visible": false
          },
          "science": {
            "value": 0,
            "name": "WOD5E.Science",
            "visible": false
          },
          "survival": {
            "value": 0,
            "name": "WOD5E.Survival",
            "visible": false
          },
          "subterfuge": {
            "value": 0,
            "name": "WOD5E.Subterfuge",
            "visible": false
          },
          "technology": {
            "value": 0,
            "name": "WOD5E.Technology",
            "visible": false
          }
        }
      },
      "disciplines": {
        "disciplines": {
          "animalism": {
            "name": "WOD5E.Animalism",
            "description": "",
            "value": 0,
            "powers": [],
            "visible": false
          },
          "auspex": {
            "name": "WOD5E.Auspex",
            "description": "",
            "value": 0,
            "powers": [],
            "visible": false
          },
          "celerity": {
            "name": "WOD5E.Celerity",
            "description": "",
            "value": 0,
            "powers": [],
            "visible": false
          },
          "dominate": {
            "name": "WOD5E.Dominate",
            "description": "",
            "value": 0,
            "powers": [],
            "visible": false
          },
          "fortitude": {
            "name": "WOD5E.Fortitude",
            "description": "",
            "value": 0,
            "powers": [],
            "visible": false
          },
          "obfuscate": {
            "name": "WOD5E.Obfuscate",
            "description": "",
            "value": 0,
            "powers": [],
            "visible": false
          },
          "potence": {
            "name": "WOD5E.Potence",
            "description": "",
            "value": 0,
            "powers": [],
            "visible": false
          },
          "presence": {
            "name": "WOD5E.Presence",
            "description": "",
            "value": 0,
            "powers": [],
            "visible": false
          },
          "protean": {
            "name": "WOD5E.Protean",
            "description": "",
            "value": 0,
            "powers": [],
            "visible": false
          },
          "sorcery": {
            "name": "WOD5E.BloodSorcery",
            "description": "",
            "value": 0,
            "powers": [],
            "visible": false
          },
          "oblivion": {
            "name": "WOD5E.Oblivion",
            "description": "",
            "value": 0,
            "powers": [],
            "visible": false
          },
          "alchemy": {
            "name": "WOD5E.ThinBloodAlchemy",
            "description": "",
            "value": 0,
            "powers": [],
            "visible": false
          },
          "rituals": {
            "name": "WOD5E.Rituals",
            "description": "",
            "value": 0,
            "powers": [],
            "visible": false
          },
          "ceremonies": {
            "name": "WOD5E.Ceremonies",
            "description": "",
            "value": 0,
            "powers": [],
            "visible": false
          }
        }
      },
      "edges": {
        "edges": {
          "arsenal": {
            "name": "WOD5E.Arsenal",
            "description": "",
            "value": 0,
            "powers": [],
            "visible": false
          },
          "fleet": {
            "name": "WOD5E.Fleet",
            "description": "",
            "value": 0,
            "powers": [],
            "visible": false
          },
          "ordnance": {
            "name": "WOD5E.Ordnance",
            "description": "",
            "value": 0,
            "powers": [],
            "visible": false
          },
          "library": {
            "name": "WOD5E.Library",
            "description": "",
            "value": 0,
            "powers": [],
            "visible": false
          },
          "improvisedgear": {
            "name": "WOD5E.ImprovisedGear",
            "description": "",
            "value": 0,
            "powers": [],
            "visible": false
          },
          "globalaccess": {
            "name": "WOD5E.GlobalAccess",
            "description": "",
            "value": 0,
            "powers": [],
            "visible": false
          },
          "dronejockey": {
            "name": "WOD5E.DroneJockey",
            "description": "",
            "value": 0,
            "powers": [],
            "visible": false
          },
          "beastwhisperer": {
            "name": "WOD5E.BeastWhisperer",
            "description": "",
            "value": 0,
            "powers": [],
            "visible": false
          },
          "sensetheunnatural": {
            "name": "WOD5E.SenseTheUnnatural",
            "description": "",
            "value": 0,
            "powers": [],
            "visible": false
          },
          "repeltheunnatural": {
            "name": "WOD5E.RepelTheUnnatural",
            "description": "",
            "value": 0,
            "powers": [],
            "visible": false
          },
          "thwarttheunnatural": {
            "name": "WOD5E.ThwartTheUnnatural",
            "description": "",
            "value": 0,
            "powers": [],
            "visible": false
          },
          "artifact": {
            "name": "WOD5E.Artifact",
            "description": "",
            "value": 0,
            "powers": [],
            "visible": false
          }
        }
      },
      "renown": {
        "renown": {
          "glory": {
            "value": 0
          },
          "honor": {
            "value": 0
          },
          "wisdom": {
            "value": 0
          }
        }
      },
      "werewolfForms": {
        "activeForm": "homid",
        "forms": {
          "homid": {
            "name": "WOD5E.HomidName",
            "nickname": "WOD5E.HomidTitle",
            "cost": 0,
            "description": "Custom Homid description",
            "abilities": [
              "Silver Immunity"
            ]
          },
          "glabro": {
            "name": "WOD5E.GlabroName",
            "nickname": "WOD5E.GlabroTitle",
            "cost": 1,
            "description": "Custom Glabro description",
            "abilities": [
              "Physical Tests: +2",
              "Social Tests: -2",
              "Regenerate: 1/Rage Check"
            ]
          },
          "crinos": {
            "name": "WOD5E.CrinosName",
            "nickname": "WOD5E.CrinosTitle",
            "cost": 2,
            "description": "Custom Crinos description",
            "abilities": [
              "Frenzy Risk, 1 Willpower/turn",
              "Physical Tests: +4",
              "Health: +4",
              "Social Tests: Auto-failure",
              "Mental Tests: Auto-failure",
              "Regenerate: 2/Rage Check",
              "Claws: +3",
              "Bite: +1 Aggravated",
              "Causes Delirium"
            ]
          },
          "hispo": {
            "name": "WOD5E.HispoName",
            "nickname": "WOD5E.HispoTitle",
            "cost": 1,
            "description": "Custom Hispo description",
            "abilities": [
              "(Non-Stealth) Physical Tests: +2",
              "Stealth Tests: -2",
              "Social Tests: Limited to wolves and Garou",
              "Regenerate: 1/Rage Check",
              "Bite: +1 Aggravated"
            ]
          },
          "lupus": {
            "name": "WOD5E.LupusName",
            "nickname": "WOD5E.LupusTitle",
            "cost": 0,
            "description": "Custom Lupus description",
            "abilities": [
              "Silver Immunity",
              "Social Tests: Limited to wolves and Garou"
            ]
          }
        }
      },
      "gifts": {
        "gifts": {
          "native": {
            "name": "WOD5E.Native",
            "description": "",
            "value": 0,
            "powers": []
          },
          "ragabash": {
            "name": "WOD5E.Ragabash",
            "description": "",
            "value": 0,
            "powers": []
          },
          "theurge": {
            "name": "WOD5E.Theurge",
            "description": "",
            "value": 0,
            "powers": []
          },
          "philodox": {
            "name": "WOD5E.Philodox",
            "description": "",
            "value": 0,
            "powers": []
          },
          "galliard": {
            "name": "WOD5E.Galliard",
            "description": "",
            "value": 0,
            "powers": []
          },
          "ahroun": {
            "name": "WOD5E.Ahroun",
            "description": "",
            "value": 0,
            "powers": []
          },
          "blackfury": {
            "name": "WOD5E.BlackFury",
            "description": "",
            "value": 0,
            "powers": []
          },
          "bonegnawer": {
            "name": "WOD5E.BoneGnawer",
            "description": "",
            "value": 0,
            "powers": []
          },
          "childrenofgaia": {
            "name": "WOD5E.ChildrenOfGaia",
            "description": "",
            "value": 0,
            "powers": []
          },
          "galestalker": {
            "name": "WOD5E.Galestalker",
            "description": "",
            "value": 0,
            "powers": []
          },
          "ghostcouncil": {
            "name": "WOD5E.GhostCouncil",
            "description": "",
            "value": 0,
            "powers": []
          },
          "glasswalker": {
            "name": "WOD5E.GlassWalker",
            "description": "",
            "value": 0,
            "powers": []
          },
          "hartwarden": {
            "name": "WOD5E.HartWarden",
            "description": "",
            "value": 0,
            "powers": []
          },
          "redtalon": {
            "name": "WOD5E.RedTalon",
            "description": "",
            "value": 0,
            "powers": []
          },
          "shadowlord": {
            "name": "WOD5E.ShadowLord",
            "description": "",
            "value": 0,
            "powers": []
          },
          "silentstrider": {
            "name": "WOD5E.SilentStrider",
            "description": "",
            "value": 0,
            "powers": []
          },
          "silverfang": {
            "name": "WOD5E.SilverFang",
            "description": "",
            "value": 0,
            "powers": []
          }
        }
      }
    },
   
    "mortal": {
      "label": "WOD5E.Mortal",
      "templates": ["base"]
    },
    "vampire": {
      "label": "WOD5E.Vampire",
      "templates": ["base","disciplines"],
      "headers":{
        "predator":"",
        "sire":"",
        "generation":"",
        "bane":""
      },
      "blood": {
        "potency": 0,
        "resonance": ""
      },
      "clan": {
        "value": ""
      },
      "hunger": {
        "value": 1
      }
    },
    "werewolf": {
      "label": "WOD5E.Werewolf",
      "templates": ["base","renown","werewolfForms","gifts"],
      "headers": {
        "auspice": "",
        "patron": "",
        "favor": "",
        "ban": "",
        "tribe": ""
      },
      "balance": {
        "hauglosk": {
          "value": 0
        },
        "harano": {
          "value": 0
        }
      },
      "rites": [],
      "talismans": [],
      "rage": {
        "value": 1
      },
      "frenzyActive": false,
      "crinosHealth": {
        "aggravated": 0,
        "superficial": 0,
        "max": 4
      }
    },
    "hunter": {
      "label": "WOD5E.Hunter",
      "templates": ["base","edges"],
      "headers":{
        "cellname": "",
        "creed": "",
        "drive": ""
      }
    },
    "coterie" : {
      "label": "WOD5E.Coterie",
      "biography": "",
      "equipment": "",
      "notes": "",
      "headers":{
        "concept": ""
      }
    },
    "cell" : {
      "label": "WOD5E.Cell",
      "biography": "",
      "equipment": "",
      "notes": "",
      "headers":{
        "concept": ""
      }
    },
    "ghoul": {
      "label": "WOD5E.Ghoul",
      "templates": ["base","disciplines"],
      "headers":{
        "domitor":"",
        "creedfields":""
      }
    },
    "spc" : {
      "label": "WOD5E.SPC",
      "templates": ["abbreviated","disciplines"]
    }
  },
  "Item": {
    "types": ["feature", "power", "specialty", "boon", "customRoll", "perk", "gift"],
    "templates": {
      "base": {
        "description": ""
      }
    },
    "feature": {
      "templates": ["base"],
      "featuretype":"merit",
      "points": 0
    },
    "power": {
      "templates": ["base"],
      "discipline": "rituals",
      "duration": "",
      "level": 1,
      "dice1": "discipline",
      "dice2": "discipline",
      "cost": "",
      "rollable": false,
      "skill": false,
      "amalgam": false,
      "rouse": false
    },
    "specialty": {
      "templates": ["base"],
      "skill": "athletics"
    },
    "boon": {
      "templates": ["base"],
      "boontype": "Trivial"
    },
    "customRoll": {
      "templates": ["base"],
      "dice1" : "",
      "dice2" : ""
    },
    "perk": {
      "templates": ["base"],
      "edge": "arsenal",
      "duration": "",
      "dice1": "edge",
      "dice2": "edge",
      "cost": "",
      "rollable": false,
      "skill": false,
      "amalgam": false
    },
    "gift": {
      "templates": ["base"],
      "giftType": "native",
      "renown": "honor",
      "cost": 0,
      "rollable": false,
      "rage": false,
      "action": "",
      "dice1": "strength",
      "dice2": "strength",
      "duration": ""
    }
  }
}
